district,hospitals,hospital_beds,icu_beds,ventilators
Thiruvananthapuram,12,5420,186,92
Kollam,9,2890,112,54
Pathanamthitta,8,1650,64,28
Alappuzha,9,3120,98,46
Kottayam,11,2450,84,40
Idukki,7,1280,42,18
Ernakulam,13,4210,144,72
Thrissur,11,3840,126,60
Palakkad,10,2760,92,44
Malappuram,12,2540,88,42
Kozhikode,9,3980,132,64
Wayanad,5,1120,38,16
Kannur,10,2930,104,50
Kasaragod,7,1020,34,14